<?xml version="1.0" encoding="UTF-8"?>
<project-private xmlns="http://www.netbeans.org/ns/project-private/1">
    <editor-bookmarks xmlns="http://www.netbeans.org/ns/editor-bookmarks/2" lastBookmarkId="0"/>
    <open-files xmlns="http://www.netbeans.org/ns/projectui-open-files/2">
        <group>
            <file>file:/C:/Users/Joseph%20F/Desktop/Card-Game/src/LOGICA/Cartas.java</file>
            <file>file:/C:/Users/Joseph%20F/Desktop/Card-Game/src/LOGICA/Añadir_Nombre_Jugadores.java</file>
            <file>file:/C:/Users/Joseph%20F/Desktop/Card-Game/src/LOGICA/Juego.java</file>
            <file>file:/C:/Users/Joseph%20F/Desktop/Card-Game/src/LOGICA/Menu.java</file>
            <file>file:/C:/Users/Joseph%20F/Desktop/Card-Game/src/LOGICA/Baraja.java</file>
        </group>
    </open-files>
</project-private>
